Category,Firstname,Lastname,Email,Gender,BirthDate
electronics,Martina,Heller,dreinger@yahoo.com,female,1990-11-27
electronics,Julie,Breitenberg,tgerhold@stokes.com,male,1987-12-07
electronics,Rubye,Gerlach,anibal43@gmail.com,male,1987-08-23
electronics,Lavonne,Volkman,bosco.kaycee@brekke.com,male,1989-02-23
electronics,Olin,Quigley,wilfredo.dicki@wisoky.com,female,1996-05-04
electronics,Margret,Will,hansen.rosella@yahoo.com,male,1995-07-26
electronics,Geo,Hill,thora42@yahoo.com,female,1996-03-21
electronics,Eloy,Beer,ykling@adams.org,female,1991-05-25
electronics,Mustafa,Nolan,skohler@yahoo.com,male,2000-03-09
electronics,Gavin,Brakus,mlegros@wilderman.net,female,1994-04-23
electronics,Gene,Haag,micheal.nader@gibson.info,male,1999-08-30
electronics,Rudolph,Kovacek,gleason.joana@barton.net,female,1982-07-15
electronics,Celestino,Kilback,aschoen@gmail.com,male,1992-07-20
electronics,Leland,Wiza,ashleigh76@becker.info,female,2000-03-29
electronics,Skylar,Haag,abraham.goldner@schmitt.com,female,1972-02-10
electronics,Deja,Koch,joelle24@jakubowski.com,male,1971-03-11
electronics,Otha,Reinger,taryn63@yahoo.com,male,1986-07-17
electronics,Felicity,Labadie,emmerich.danial@hayes.com,male,1997-08-29
electronics,Junius,Harvey,nlockman@hotmail.com,male,1988-02-29
electronics,Demarcus,Heller,ottilie98@gmail.com,male,2004-08-31
electronics,Sydni,Schulist,crystel.will@howe.biz,female,2001-09-08
electronics,Ronaldo,Berge,padberg.nico@hotmail.com,male,1989-04-11
electronics,Marshall,DuBuque,murray.jaren@rodriguez.com,female,1984-04-16
electronics,Allene,Keebler,ida.klocko@gmail.com,female,1973-01-01
electronics,Jany,Reichel,mitchell.elisabeth@kautzer.com,female,2002-03-25
electronics,Wellington,Upton,zdietrich@fisher.net,male,1997-11-12
electronics,Maureen,Quigley,alexzander.lueilwitz@gusikowski.com,female,1996-02-21
electronics,Verdie,Fadel,raymond.emmerich@yahoo.com,female,1995-10-02
electronics,Kelly,Sanford,camden.baumbach@yahoo.com,female,1971-05-10
electronics,Dorian,Bosco,wilfrid.fisher@hettinger.com,female,1996-07-16
electronics,Dorcas,Metz,jaron.schamberger@bruen.com,female,1991-08-13
electronics,Shirley,Oberbrunner,wbernhard@hodkiewicz.info,male,1979-04-28
electronics,Saige,Rippin,pierce98@hotmail.com,male,2003-12-22
electronics,Kareem,Windler,stehr.elizabeth@gmail.com,male,1977-09-13
electronics,Ella,Gaylord,qrodriguez@stanton.info,female,1997-06-23
electronics,Felicita,Boyer,zieme.skye@roberts.com,male,1991-07-26
electronics,Greta,Crist,wkoelpin@rippin.com,male,1989-07-21
electronics,Nina,Hintz,bernita.luettgen@bergstrom.com,male,1976-01-24
electronics,Maximillia,Schowalter,pcruickshank@douglas.net,female,2004-04-24
electronics,Kane,Auer,vkozey@yahoo.com,female,1981-03-13
electronics,Alana,Prohaska,hilma10@yahoo.com,male,1993-01-16
electronics,Viola,Wisozk,dudley.cartwright@daugherty.info,female,2001-12-10
electronics,Rowan,Witting,solon.wisozk@purdy.com,male,1992-12-22
electronics,Savion,Satterfield,irice@gmail.com,male,2003-09-26
electronics,Shirley,Goyette,vblock@yahoo.com,female,1980-05-20
electronics,Merle,McDermott,trevion06@bode.com,male,1971-06-29
electronics,Bernice,Dooley,darius73@gottlieb.biz,female,1991-01-18
electronics,Jordan,Metz,mosciski.colby@rutherford.net,female,1974-06-22
electronics,Elinore,Bruen,randy.medhurst@kiehn.net,male,1987-05-10
electronics,Edwardo,Fahey,lewis17@hotmail.com,male,1980-01-10
electronics,Lukas,Bailey,casper.robel@eichmann.com,female,1990-03-30
electronics,Grayson,Welch,lheidenreich@hotmail.com,female,1985-01-10
electronics,Providenci,Collins,kparker@volkman.com,male,1981-10-17
electronics,Madaline,Hudson,hilbert02@gmail.com,female,1986-01-18
electronics,Rosalind,Effertz,jpredovic@brekke.org,female,1995-01-22
electronics,Gavin,Cronin,isadore81@hotmail.com,male,2002-03-04
electronics,Johnathon,DuBuque,metz.lucy@hotmail.com,female,1989-10-30
electronics,Zackary,Keeling,owelch@yahoo.com,female,1985-09-17
electronics,Nathanael,Mueller,lspinka@metz.com,male,1999-08-19
electronics,Forest,Kuhlman,timothy89@yahoo.com,male,1997-03-14
electronics,Aurelia,Monahan,vandervort.boyd@johns.com,female,2002-08-28
electronics,Ruthie,Hauck,qfeil@hotmail.com,female,1998-07-12
electronics,Ole,Rogahn,zlittel@wisoky.biz,female,1992-05-04
electronics,Linnea,Weissnat,verlie.denesik@yahoo.com,male,1996-05-12
electronics,Lera,Schinner,gdubuque@hotmail.com,female,2001-07-07
electronics,Jesus,Hettinger,allan.dubuque@yahoo.com,female,1995-07-18
electronics,Newton,Friesen,jacobi.ned@mitchell.com,female,1979-04-07
electronics,Syble,Considine,woodrow12@yahoo.com,male,1987-10-20
electronics,Meghan,McKenzie,jaron.runolfsdottir@yahoo.com,male,1978-08-02
electronics,Howell,Koelpin,vernser@gmail.com,male,1991-07-25
electronics,Roosevelt,Schroeder,lucio54@hotmail.com,female,1999-03-23
electronics,Claudine,Jerde,katelynn.weimann@abernathy.net,male,2000-03-07
electronics,Devonte,Robel,kay.towne@hotmail.com,female,1975-11-30
electronics,Ralph,Luettgen,stark.jazmyn@miller.com,male,1996-01-20
electronics,Gilberto,O'Reilly,adriana.mills@zulauf.com,male,1973-10-05
electronics,Abel,Boyer,benny.greenfelder@hotmail.com,male,1981-11-03
electronics,Kaela,Jones,trudie.daniel@schuster.com,female,2001-06-14
electronics,Janiya,Berge,bret86@renner.com,male,1990-08-07
electronics,Marlene,Adams,julia.conroy@rippin.org,female,1998-11-23
electronics,Augusta,McLaughlin,ottilie.ruecker@gmail.com,male,1993-11-02
electronics,Jermaine,Schimmel,sasha58@kilback.info,female,1982-03-19
electronics,Marty,Rowe,nicole70@hotmail.com,male,2000-07-04
electronics,Abigayle,Heller,ddooley@crist.com,male,1984-02-23
electronics,Jace,Kuhic,jammie73@mcdermott.com,male,1996-10-11
electronics,Selmer,Weber,rae.rice@gmail.com,female,2002-06-01
electronics,Jackeline,Haley,wthompson@brekke.biz,female,1990-05-20
electronics,Gail,Corkery,ara14@koepp.com,male,1992-09-16
electronics,Pierre,Rath,dawn.runolfsdottir@heathcote.org,male,1998-03-13
electronics,Cathryn,Rempel,lehner.torrey@gmail.com,male,1994-03-15
electronics,Jessika,Towne,tomasa.reinger@gmail.com,male,2003-10-20
electronics,Rowena,Johns,jjohnson@yahoo.com,female,1999-07-31
electronics,Euna,O'Keefe,tthompson@nikolaus.com,female,1987-05-03
electronics,Kacey,Carroll,greenfelder.andrew@jakubowski.com,female,1975-04-11
electronics,Aric,Spencer,asporer@carroll.com,male,1975-10-11
electronics,Rebeka,White,bfay@hotmail.com,female,1971-01-19
electronics,Nova,Mertz,maegan31@gmail.com,male,2001-08-11
electronics,Madison,Rolfson,terrence.kub@hotmail.com,male,1984-06-01
electronics,Marjolaine,Bartoletti,dcartwright@hotmail.com,female,1971-06-19
electronics,Sammy,Berge,iwilderman@hotmail.com,female,1974-07-09
electronics,Delmer,Pfannerstill,jwolf@koelpin.com,male,1972-06-09
electronics,Olaf,Wuckert,koby.harvey@gmail.com,female,1986-06-30
electronics,Randi,Howell,irussel@gmail.com,male,1977-04-29
electronics,Marley,King,weston.ebert@hills.com,female,1974-09-01
electronics,Molly,Nikolaus,nblanda@daniel.com,male,1987-12-05
electronics,Heaven,Abshire,unikolaus@dietrich.com,female,1972-10-05
electronics,Jason,Bins,howe.providenci@thiel.org,male,1970-10-23
electronics,Jeremy,Grimes,rice.joel@luettgen.info,female,1993-03-25
electronics,Raul,Wisozk,schuster.ari@yahoo.com,female,1980-08-15
electronics,Providenci,Hamill,xkoch@balistreri.com,female,1983-02-17
electronics,Juanita,Kerluke,waters.terrence@feest.com,male,1995-07-19
electronics,Mario,Veum,zane.murphy@cummerata.com,male,1995-12-28
electronics,Icie,Toy,leta73@herman.net,male,1983-07-19
electronics,Edmond,Jacobs,huel.daron@strosin.info,male,1996-10-06
electronics,Laura,Wilderman,janiya.eichmann@yahoo.com,male,1998-02-02
electronics,Fatima,Lowe,ldavis@hotmail.com,male,1996-07-09
electronics,Muriel,Eichmann,perry.huels@yahoo.com,female,2004-05-26
electronics,Anna,Reilly,zmosciski@yahoo.com,female,1985-07-19
electronics,Russel,Tremblay,otha58@yahoo.com,female,1991-04-26
electronics,Nicholas,Berge,hirthe.darren@hotmail.com,male,1977-01-26
electronics,Albin,Ondricka,susie49@pouros.net,female,1982-02-01
electronics,Camron,Thompson,rrutherford@hotmail.com,male,1991-12-19
electronics,Tyrese,Reilly,pfay@treutel.com,female,1987-03-27
electronics,Rasheed,Pollich,renner.anne@yahoo.com,male,1998-12-01
electronics,Caroline,Cruickshank,windler.arlie@yahoo.com,male,1984-06-10
electronics,Howard,Lynch,wraynor@luettgen.org,female,1982-07-05
electronics,Eula,Rodriguez,nrutherford@nicolas.org,female,1987-12-17
electronics,Tanner,Wisozk,brennan69@mckenzie.com,female,2003-04-26
electronics,Cordie,Bashirian,ernie.steuber@gmail.com,female,2001-05-25
electronics,Rocio,Flatley,ramon.turcotte@gmail.com,male,1997-12-14
electronics,Liza,Stehr,kuvalis.cordia@yahoo.com,male,1980-04-28
electronics,America,Swift,rlemke@gmail.com,male,1981-02-03
electronics,Ellsworth,Halvorson,veum.kirk@gmail.com,female,1973-11-27
electronics,Damion,McKenzie,dominic21@gmail.com,female,1980-03-08
electronics,Brook,Schimmel,vrunolfsdottir@rippin.net,female,1987-07-24
electronics,Alyce,Nader,edwina01@lehner.com,female,1984-05-25
electronics,Rhett,Gerlach,cody.kirlin@mohr.com,male,2004-04-27
electronics,Scotty,Von,betty12@gerhold.com,male,1976-08-04
electronics,Mallie,Crooks,kasandra19@leuschke.net,male,1993-06-30
electronics,Ezekiel,Jacobs,beatty.arvilla@berge.net,female,1975-05-08
electronics,Meaghan,Lynch,fgerlach@gmail.com,female,1987-07-03
electronics,Whitney,Hermiston,ernesto13@yahoo.com,female,1995-02-26
electronics,Beryl,Larkin,theodora68@ernser.com,female,1998-11-10
electronics,Ebony,Schmitt,loyce.bins@gmail.com,male,2000-10-16
electronics,Bo,Volkman,jazlyn.goldner@gmail.com,female,1979-11-19
electronics,Effie,Nader,karley.kunze@satterfield.org,female,1998-07-07
electronics,Yessenia,Jenkins,nabernathy@gorczany.info,male,1994-03-02
electronics,Gracie,Herman,jenkins.myrtice@gmail.com,female,1979-08-09
electronics,Napoleon,O'Connell,ally93@yahoo.com,female,2002-06-26
electronics,Maximo,Boehm,kaitlyn58@kuhlman.com,male,1986-11-28
electronics,Brody,Boehm,isobel.rempel@reinger.com,male,1991-08-12
electronics,Kailey,Lakin,gladyce46@hotmail.com,female,2002-09-27
electronics,Brett,Goodwin,qjohns@yahoo.com,female,1976-12-19
electronics,Melissa,Robel,schaden.erich@rath.net,female,1992-07-22
electronics,Wilburn,Hahn,adrienne83@leannon.com,female,1984-11-30
electronics,Bette,Collins,evalyn.feil@gmail.com,female,2004-06-09
electronics,Layla,Hahn,lorenzo.ankunding@hotmail.com,male,1972-01-02
electronics,Mya,Satterfield,btillman@prosacco.org,male,1972-09-01
electronics,Salma,Kassulke,evie.rohan@wehner.com,female,1976-02-17
electronics,Lavonne,Sipes,stanton.marilyne@gerlach.com,female,1994-10-10
electronics,Wilbert,Rolfson,pkling@romaguera.com,female,1987-11-08
electronics,Johnny,Bode,vicenta.nicolas@nikolaus.com,female,1990-05-31
electronics,Emmett,Cummerata,bernie.berge@yahoo.com,female,1971-04-27
electronics,Johnny,Daniel,brennan.stroman@hessel.com,male,2003-10-10
electronics,Johnpaul,Donnelly,antonietta.stokes@bartell.com,male,1988-02-13
electronics,Mathew,Corkery,beatty.delpha@dickinson.net,female,1972-02-09
electronics,Danny,Walker,waelchi.angelina@hotmail.com,female,1993-04-27
electronics,Nellie,D'Amore,sallie29@green.com,male,1977-08-31
electronics,Jerome,Wiza,erika64@donnelly.com,male,1998-03-31
electronics,Oswald,Corwin,dorothy.barton@hotmail.com,male,1976-04-18
electronics,Anahi,Howell,laura.farrell@lakin.info,female,1972-11-28
electronics,Tamia,O'Hara,leonel.stracke@gmail.com,female,1997-03-20
electronics,Darrick,Grant,elliot80@yahoo.com,male,1974-10-14
electronics,Jacynthe,Koepp,finn.bayer@hotmail.com,female,1978-10-11
electronics,Jayson,Weber,varmstrong@pacocha.com,female,1985-08-08
electronics,Myrtle,Armstrong,ndubuque@gmail.com,male,1989-04-27
electronics,Raven,Hessel,keebler.garrison@haley.com,female,1985-10-16
electronics,Marley,Swaniawski,lind.mylene@thompson.com,male,1994-04-10
electronics,Nedra,Turner,dhowell@gmail.com,female,1997-08-11
electronics,Harvey,O'Hara,stiedemann.dorris@yahoo.com,male,1996-12-19
electronics,Erick,Prohaska,vlubowitz@wilderman.biz,female,1993-10-08
electronics,Issac,Eichmann,mack.fadel@quigley.com,male,2003-05-08
electronics,Bella,Ankunding,dillon.tremblay@greenfelder.net,male,1983-12-15
electronics,Freddy,Sipes,ethan.streich@hodkiewicz.net,female,1994-05-18
electronics,Harmony,Bauch,collier.jessie@satterfield.com,male,1985-11-21
electronics,Gloria,Wolf,sage92@marquardt.com,female,1978-05-02
electronics,Jazmin,Cruickshank,qratke@anderson.biz,female,1997-09-10
electronics,Kristy,Marks,noemi93@gmail.com,male,1980-07-28
electronics,Bradley,Larkin,umante@yahoo.com,male,1982-06-01
electronics,Claire,Bailey,thiel.alberta@yahoo.com,female,1985-11-23
electronics,Francesco,VonRueden,alba91@leffler.com,male,2001-05-21
electronics,Howell,Veum,tomasa.gottlieb@gmail.com,male,1985-08-26
electronics,Roosevelt,Hoppe,xgaylord@willms.com,male,1984-06-19
electronics,Darwin,Willms,salma88@hessel.org,male,1989-12-13
electronics,Giovanna,Kassulke,theo08@hotmail.com,male,1992-05-11
electronics,Aimee,Muller,kgreenholt@swaniawski.net,female,1982-09-06
electronics,Ted,Kunde,henriette50@gmail.com,male,1971-08-05
electronics,Jaunita,Kutch,lorenzo44@rogahn.com,female,1988-11-02
electronics,Shayna,Goldner,zpouros@hotmail.com,female,1977-04-23
electronics,Orland,Bayer,ressie14@hegmann.com,male,1990-11-07
electronics,Willie,Mraz,grant.myra@yahoo.com,female,1994-04-06
electronics,Elva,Bogisich,hank79@gmail.com,male,1995-12-13
electronics,Enrique,Weissnat,brian.barton@kuhic.org,female,1987-09-11
electronics,Alberta,Ebert,yconnelly@hotmail.com,male,1994-11-09
electronics,Riley,Conroy,hackett.rylee@gmail.com,female,1983-08-09
electronics,Ephraim,Purdy,sabrina.howe@yahoo.com,male,1995-07-03
electronics,Delbert,Swaniawski,zcarroll@hotmail.com,female,2000-02-25
electronics,Alessia,Hegmann,emmerich.julie@lemke.com,male,1994-02-27
electronics,Adolph,Frami,kris.jaime@abshire.com,male,1981-03-22
electronics,Damion,Kovacek,nico80@will.com,female,1986-11-16
electronics,Rocio,Franecki,arielle34@gutkowski.com,female,1977-02-15
electronics,Jace,Koepp,nathen.mann@greenfelder.com,male,1997-10-10
electronics,Morgan,Witting,orin43@hotmail.com,female,1985-01-10
electronics,Jamel,Koch,mkessler@gmail.com,female,1993-04-25
electronics,Eduardo,Blanda,madaline03@oconnell.com,female,2001-09-06
electronics,Carolina,Fritsch,lon.schultz@gulgowski.info,male,1981-01-13
electronics,Adolphus,Smitham,purdy.lindsay@hotmail.com,female,1976-02-16
electronics,Kassandra,Harber,maymie54@gmail.com,male,1982-01-24
electronics,Jolie,Farrell,metz.lucinda@turner.net,female,1993-05-24
electronics,Kirsten,Fay,schimmel.loyce@gleason.info,female,2000-09-22
electronics,Nya,Cummings,bheaney@reilly.com,male,1974-01-29
electronics,Donny,Smith,vanessa.pfeffer@watsica.com,male,2000-11-22
electronics,Elliott,Gislason,jarod.harvey@gmail.com,male,1984-09-26
electronics,Enrique,Bernhard,rahul.gutmann@gmail.com,female,1983-01-07
electronics,Dewayne,Wolff,haylee.kassulke@boehm.com,male,1972-08-30
electronics,Martin,Buckridge,woodrow47@gmail.com,male,1999-01-01
electronics,Tito,O'Reilly,ulesch@yahoo.com,female,1991-11-11
electronics,Americo,Treutel,bartell.grayson@bode.com,male,1979-11-10
electronics,Leonel,Beahan,emilio.langworth@wolf.com,male,2001-12-16
electronics,Hector,Nolan,alvis.considine@gmail.com,male,1983-04-10
electronics,Ariel,Reichel,foster68@hotmail.com,male,2004-06-03
electronics,Lenna,Reinger,cgreenfelder@hotmail.com,male,1983-05-23
electronics,Austen,Johns,vvon@romaguera.com,male,1990-05-18
electronics,Emile,Jenkins,eladio.koss@zemlak.net,female,2004-05-29
electronics,Johann,Langosh,cartwright.nyah@beier.com,male,1992-11-15
electronics,Ernestine,Deckow,qkemmer@klocko.info,male,1977-06-26
electronics,Lynn,Considine,camden.hills@gmail.com,female,2004-08-02
electronics,Eulalia,Hagenes,lmorar@hotmail.com,male,1992-03-18
electronics,Fredrick,Von,rosetta88@pagac.biz,male,2001-05-09
electronics,Skye,Fay,theresa42@hotmail.com,female,1985-12-31
electronics,Della,Hill,carey.hintz@gmail.com,female,1977-06-10
electronics,Ahmed,Olson,fkoss@gutkowski.com,male,1972-01-11
electronics,Deanna,Greenholt,russel.felix@yahoo.com,male,1977-10-13
electronics,Deshawn,McCullough,wolff.keon@gmail.com,male,1975-12-18
